INSERT INTO roomtypes (id, type)
VALUES (1, 'Standard Room'),
       (2, 'Deluxe Room'),
       (3, 'Suite'),
       (4, 'Presidential'),
       (5, 'Penthouse');

INSERT INTO durations (id, duration, day_count, month_count)
VALUES (1, '1 month', NULL, 1),
       (2, '3 months', NULL, 3),
       (3, '6 months', NULL, 6),
       (4, '12 months', NULL, 12);

INSERT INTO roomtypedurations (id, room_type_id, duration_id, suggested_price)
VALUES (1, 1, 1, 100.00),
       (2, 1, 2, 280.00),
       (3, 2, 1, 120.00);

INSERT INTO roomstatuses (id, status)
VALUES (1, 'Booked'),
       (2, 'Available'),
       (3, 'Under Construction');

INSERT INTO locations (id, name, address)
VALUES (1, 'Location 1', '134 Adams Avenue'),
       (2, 'Location 2', '25506 Adam Passage'),
       (3, 'Location 3', '73877 Wisozk Lake');

INSERT INTO rooms (id, room_number, room_type_id, status_id, location_id)
VALUES (1, 'Room 1', 3, 2, 3),
       (2, 'Room 2', 4, 3, 3),
       (3, 'Room 3', 2, 2, 1),
       (4, 'Room 4', 2, 3, 3),
       (5, 'Room 5', 2, 2, 1),
       (6, 'Room 6', 3, 2, 3),
       (7, 'Room 7', 2, 3, 3),
       (8, 'Room 8', 5, 1, 1),
       (9, 'Room 9', 4, 3, 2),
       (10, 'Room 10', 5, 3, 1),
       (11, 'Room 11', 4, 2, 1),
       (12, 'Room 12', 4, 2, 2),
       (13, 'Room 13', 1, 2, 3),
       (14, 'Room 14', 5, 2, 1),
       (15, 'Room 15', 2, 3, 2),
       (16, 'Room 16', 1, 2, 3),
       (17, 'Room 17', 1, 1, 3),
       (18, 'Room 18', 3, 1, 3),
       (19, 'Room 19', 3, 1, 2),
       (20, 'Room 20', 1, 3, 3);

INSERT INTO bookingstatuses (id, status)
VALUES (1, 'Pending'),
       (2, 'Confirmed'),
       (3, 'Cancelled');

INSERT INTO tenants (id, name, email, phone)
VALUES ('f5461f6e-35ab-43dc-9ddf-3b474a71a6de', 'Keith Strosin', 'Margarete.Walker27@yahoo.com', '350.479.1769 x441'),
       ('aacfb06a-6476-4936-bc3e-07bdebee78ef', 'Francisco Dicki', 'Jamarcus80@hotmail.com', '1-365-597-6200'),
       ('331562fd-30b0-4a78-8bbf-11afd8b7351e', 'Doug Wilderman', 'Alyson_Walker@hotmail.com', '783-915-5859 x59520'),
       ('aaf034b6-24e4-4516-b967-9bf5d7bbb5e9', 'Dr. Carrie Gerhold', 'Kelsie67@gmail.com', '765.730.1696'),
       ('29a12482-a81d-4eb8-9652-0c00a140e612', 'Aaron McDermott', 'Selmer_Schaefer@yahoo.com', '586.839.9770 x08456'),
       ('133d1d4f-1f7c-4ea8-9e31-d25f651f0ca7', 'Dr. Kara Corwin', 'Casimer_Kuhlman78@gmail.com', '899-706-5170'),
       ('4896de23-9309-4e49-8978-f36307c0a710', 'Carlos Larson PhD', 'Courtney72@gmail.com', '1-351-234-0885 x2708'),
       ('d72aca1f-4d54-49c0-8adc-bd6bf8c1aa89', 'Debra Kreiger', 'Gwen.Mayert@yahoo.com', '1-383-442-8046 x698'),
       ('c027fd98-42c8-4c3a-9698-3527f9af9446', 'Dominick Corkery', 'Harry74@hotmail.com', '1-827-353-7734 x36337'),
       ('ec244f03-5120-48a2-a9c4-d41ab7b1096d', 'June Lakin', 'Jonathan26@yahoo.com', '715.705.3226 x0302'),
       ('785e4ab7-6207-47ad-9896-b1b377867c03', 'Harry Willms', 'Herminia57@yahoo.com', '574.525.7950 x3233'),
       ('f781654f-016d-4e03-ab7c-09c5cd32e210', 'Beatrice Gibson IV', 'Lauren_Rolfson99@gmail.com',
        '607-606-8263 x34761'),
       ('83d1a48e-48a4-4fed-a821-b79799064909', 'Dr. Benny Leffler DDS', 'Mariela_Cummings@yahoo.com',
        '326.793.2421 x66248'),
       ('3befbd3d-d0cc-4891-a1e7-20bc5144d812', 'Darnell Nicolas', 'Josue.Weber32@gmail.com', '369-700-8900 x4324'),
       ('a4482fea-106d-405f-a3d9-f0b71d52635d', 'Marian OHara PhD', 'Macy.Schultz@gmail.com', '(334) 341-9676 x478'),
       ('f1b19acc-3132-46f8-b943-f280633990f3', 'Rickey Williamson', 'Jayden_Zemlak20@hotmail.com',
        '536-400-3288 x650'),
       ('e616604a-b408-4760-a0eb-4ecb08f7aae5', 'Leland Lindgren', 'Baby.Torp62@yahoo.com', '1-360-758-0400'),
       ('c4b7dab5-d302-4979-93af-e098f4b8e4b3', 'Johnathan Bailey', 'Tre20@gmail.com', '235-584-7230 x51052'),
       ('1f502aac-ee16-46aa-9fcb-b9d0babe013c', 'Mack Hackett', 'Jaida.Nolan@hotmail.com', '(576) 438-1344'),
       ('a46694d2-faab-48a1-aae4-dd7efd25bb31', 'Sharon Mitchell', 'Kiara.Weimann35@yahoo.com', '1-396-336-2185 x751'),
       ('ce30b2fe-7d4e-4a1c-9657-3d4446dd661c', 'Tiffany Gutmann', 'Nikki7@gmail.com', '(633) 477-7873 x3516'),
       ('81ab4c94-b66a-43e9-8cda-2aabfb6f7782', 'Myra Hirthe', 'Shanel_Bednar62@hotmail.com', '(728) 607-4885 x0295'),
       ('9f5d5df3-7945-4378-a203-cea016ddeb2e', 'Matthew Schinner', 'Louvenia39@gmail.com', '225.642.7751 x0339'),
       ('c4574970-3cef-4f50-846b-384b42455c4e', 'Johnny Blanda', 'Freda_Gleason@yahoo.com', '1-768-848-7850'),
       ('f8f3f83b-cf11-4e01-96d0-cae61c3c5fc8', 'Doug Murazik', 'Monty23@hotmail.com', '1-869-826-8663 x083'),
       ('ea5de613-102d-47ca-a83a-51bcd345b664', 'Mrs. Edna Herman', 'Fletcher_Howe87@yahoo.com', '1-402-397-8309'),
       ('632ca5d1-7df0-454f-97e5-bb66be83d262', 'Mrs. Nettie Olson', 'Wilmer34@gmail.com', '1-277-581-0225 x87505'),
       ('9aac46d1-1372-4c60-82c1-17082b2031ff', 'Walter Cummings', 'Violette_Walker52@gmail.com',
        '(509) 875-3766 x753'),
       ('2f3ad852-5bbe-4fcd-a4f2-72720cb7c86e', 'Cory King', 'Axel.Veum@gmail.com', '543.990.9903 x97553'),
       ('9492d8ea-3609-42b5-bf8b-5755816f67db', 'Josephine Casper', 'Virginie42@yahoo.com', '503.613.1760 x80185'),
       ('905a0fc9-bca6-439b-9e0c-605186565df2', 'Mable Kirlin', 'Robbie_Hansen9@hotmail.com', '1-709-319-1561 x722'),
       ('561c0e9e-6dda-41af-98ec-2bed95e9c6a2', 'Mrs. Paulette Sanford DDS', 'Moises_Raynor@hotmail.com',
        '778-915-7963'),
       ('01eaed53-9b06-453e-9be3-100032277213', 'Kenneth Bechtelar', 'Jeffrey1@hotmail.com', '950-594-2499 x59468'),
       ('2afe85a2-2ad2-4cea-8ba7-e18751619b2c', 'Trevor Abshire', 'Michel29@yahoo.com', '276-648-3181 x185'),
       ('efad54e0-e808-4852-91ac-ba82e783f865', 'Erin Labadie', 'Litzy_Conn@gmail.com', '268.328.1412 x8756'),
       ('87bfb869-8836-4297-86fe-2fb549d4fc3f', 'Ebony Borer', 'Mercedes.Hintz@gmail.com', '494.927.1265'),
       ('310a9831-58f3-45ef-920c-07fa60563eaa', 'Leroy Russel', 'Elyssa_Runolfsdottir@hotmail.com',
        '546.482.7515 x331'),
       ('df313588-c78a-4024-8096-0ab979ed8c6c', 'Rafael Robel', 'Reymundo.Gusikowski43@gmail.com', '893.279.4921'),
       ('2019f0b5-f821-4250-b9af-2be2aa87a0b0', 'Evelyn Towne', 'Letha_Gottlieb81@yahoo.com', '(833) 209-8206'),
       ('cbc8d4e9-49bd-4f04-8571-6c17051a6a33', 'Darryl Jakubowski', 'Boris.Pacocha@yahoo.com',
        '(531) 809-2243 x74811'),
       ('7be7efc2-d9af-4e1d-b017-a7a1447b4c58', 'Natasha Doyle', 'Henri_Mueller53@yahoo.com', '(785) 960-4987 x91801'),
       ('aab64480-b520-4a77-b519-36447bbd38ff', 'Roberta Waters', 'Orval0@gmail.com', '295-953-3957 x311'),
       ('b7e8ac7a-6d09-4b9f-b40b-fe0802f26e9e', 'Leticia Bogan-Schmeler', 'Clyde.Rogahn@yahoo.com',
        '294.702.1169 x80344'),
       ('1a419b93-491a-4ecf-b5c8-716fb5ad4bbe', 'Glenn Ortiz', 'Estella86@gmail.com', '(699) 258-4736 x15041'),
       ('9a9cd9e8-7d19-40a6-817a-5c51dc0e9698', 'Steve Hansen', 'Trey.Orn@gmail.com', '1-899-653-7805 x934'),
       ('71782500-ea16-4e73-97a4-92e0b5d1438f', 'Jan Herzog PhD', 'Kyleigh.Cronin-Prohaska25@hotmail.com',
        '1-857-319-8700 x55749'),
       ('12d866ba-f2c7-4813-846f-cade24c36b63', 'Ray McDermott-Auer', 'Shanny31@yahoo.com', '1-385-203-8245'),
       ('33199015-1073-4f0c-9f0c-eba425ecb83a', 'Randy Veum Jr.', 'Sylvester_Murphy58@yahoo.com',
        '1-281-893-3320 x6432'),
       ('dfd90af3-b045-44a2-99dd-1fd72ba0c834', 'Dr. Dallas Bauch', 'Mike28@gmail.com', '631-221-1593 x061'),
       ('86aa0dd7-f711-417e-8bcb-55ec1fcb0540', 'Danny Hodkiewicz DVM', 'Meredith67@yahoo.com', '(667) 570-5886');

INSERT INTO bookings (id, tenant_id, room_id, check_in, duration_id, status_id, fee)
VALUES (1, '87bfb869-8836-4297-86fe-2fb549d4fc3f', 20, '2024-02-15', 1, 3, 460),
       (2, '33199015-1073-4f0c-9f0c-eba425ecb83a', 6, '2024-01-30', 2, 2, 368),
       (3, '86aa0dd7-f711-417e-8bcb-55ec1fcb0540', 4, '2024-01-18', 1, 3, 398),
       (4, '9492d8ea-3609-42b5-bf8b-5755816f67db', 17, '2024-01-25', 2, 2, 84),
       (5, '7be7efc2-d9af-4e1d-b017-a7a1447b4c58', 1, '2024-01-07', 4, 2, 114),
       (6, '87bfb869-8836-4297-86fe-2fb549d4fc3f', 18, '2024-01-04', 1, 1, 440),
       (7, 'aacfb06a-6476-4936-bc3e-07bdebee78ef', 11, '2024-05-06', 4, 1, 102),
       (8, 'efad54e0-e808-4852-91ac-ba82e783f865', 16, '2024-01-24', 2, 3, 306),
       (9, '9a9cd9e8-7d19-40a6-817a-5c51dc0e9698', 2, '2024-03-29', 4, 1, 64),
       (10, 'f781654f-016d-4e03-ab7c-09c5cd32e210', 14, '2024-01-17', 2, 2, 392),
       (11, '331562fd-30b0-4a78-8bbf-11afd8b7351e', 14, '2024-03-07', 2, 3, 266),
       (12, '01eaed53-9b06-453e-9be3-100032277213', 6, '2024-05-09', 1, 2, 220),
       (13, '2f3ad852-5bbe-4fcd-a4f2-72720cb7c86e', 17, '2024-03-16', 3, 2, 410),
       (14, '133d1d4f-1f7c-4ea8-9e31-d25f651f0ca7', 16, '2024-05-13', 4, 2, 180),
       (15, '29a12482-a81d-4eb8-9652-0c00a140e612', 13, '2024-01-12', 3, 3, 260),
       (16, '86aa0dd7-f711-417e-8bcb-55ec1fcb0540', 16, '2024-02-17', 3, 2, 476),
       (17, 'cbc8d4e9-49bd-4f04-8571-6c17051a6a33', 9, '2024-05-24', 1, 3, 264),
       (18, 'ea5de613-102d-47ca-a83a-51bcd345b664', 13, '2024-03-06', 1, 1, 56),
       (19, 'ce30b2fe-7d4e-4a1c-9657-3d4446dd661c', 8, '2024-03-14', 3, 1, 158),
       (20, '4896de23-9309-4e49-8978-f36307c0a710', 20, '2024-01-08', 3, 2, 194),
       (21, 'a46694d2-faab-48a1-aae4-dd7efd25bb31', 8, '2024-06-14', 4, 3, 280),
       (22, '33199015-1073-4f0c-9f0c-eba425ecb83a', 7, '2024-02-08', 1, 1, 180),
       (23, 'aacfb06a-6476-4936-bc3e-07bdebee78ef', 3, '2024-02-08', 2, 1, 254),
       (24, '4896de23-9309-4e49-8978-f36307c0a710', 9, '2024-05-09', 4, 3, 336),
       (25, 'b7e8ac7a-6d09-4b9f-b40b-fe0802f26e9e', 8, '2024-04-30', 1, 2, 178),
       (26, '632ca5d1-7df0-454f-97e5-bb66be83d262', 4, '2024-05-02', 3, 3, 82),
       (27, 'ce30b2fe-7d4e-4a1c-9657-3d4446dd661c', 15, '2024-06-01', 4, 1, 148),
       (28, 'a4482fea-106d-405f-a3d9-f0b71d52635d', 15, '2024-03-28', 4, 1, 356),
       (29, '2019f0b5-f821-4250-b9af-2be2aa87a0b0', 20, '2024-04-20', 1, 2, 238),
       (30, '87bfb869-8836-4297-86fe-2fb549d4fc3f', 2, '2024-01-11', 2, 1, 324),
       (31, '1f502aac-ee16-46aa-9fcb-b9d0babe013c', 3, '2024-05-29', 4, 3, 434),
       (32, 'aacfb06a-6476-4936-bc3e-07bdebee78ef', 2, '2024-05-05', 3, 3, 256),
       (33, '12d866ba-f2c7-4813-846f-cade24c36b63', 16, '2024-02-05', 2, 1, 458),
       (34, '3befbd3d-d0cc-4891-a1e7-20bc5144d812', 12, '2024-03-02', 4, 1, 50),
       (35, 'ce30b2fe-7d4e-4a1c-9657-3d4446dd661c', 7, '2024-06-04', 2, 2, 338),
       (36, '561c0e9e-6dda-41af-98ec-2bed95e9c6a2', 16, '2024-06-18', 3, 3, 298),
       (37, '310a9831-58f3-45ef-920c-07fa60563eaa', 19, '2024-03-31', 2, 2, 414),
       (38, 'dfd90af3-b045-44a2-99dd-1fd72ba0c834', 15, '2024-04-03', 4, 2, 292),
       (39, 'e616604a-b408-4760-a0eb-4ecb08f7aae5', 3, '2024-01-17', 4, 3, 216),
       (40, 'c027fd98-42c8-4c3a-9698-3527f9af9446', 3, '2024-01-15', 2, 3, 208),
       (41, '331562fd-30b0-4a78-8bbf-11afd8b7351e', 6, '2024-06-01', 2, 2, 378),
       (42, 'ce30b2fe-7d4e-4a1c-9657-3d4446dd661c', 10, '2024-03-03', 4, 1, 428),
       (43, 'df313588-c78a-4024-8096-0ab979ed8c6c', 17, '2024-04-17', 2, 2, 158),
       (44, 'df313588-c78a-4024-8096-0ab979ed8c6c', 1, '2024-03-14', 4, 3, 126),
       (45, 'f8f3f83b-cf11-4e01-96d0-cae61c3c5fc8', 12, '2024-03-26', 3, 2, 484),
       (46, 'ce30b2fe-7d4e-4a1c-9657-3d4446dd661c', 13, '2024-05-31', 1, 1, 134),
       (47, '1f502aac-ee16-46aa-9fcb-b9d0babe013c', 19, '2024-06-18', 2, 2, 402),
       (48, 'e616604a-b408-4760-a0eb-4ecb08f7aae5', 14, '2024-05-31', 2, 3, 428),
       (49, 'a46694d2-faab-48a1-aae4-dd7efd25bb31', 1, '2024-04-24', 2, 1, 234),
       (50, '785e4ab7-6207-47ad-9896-b1b377867c03', 15, '2024-01-21', 1, 2, 388),
       (51, 'd72aca1f-4d54-49c0-8adc-bd6bf8c1aa89', 3, '2024-02-27', 1, 1, 438),
       (52, 'f5461f6e-35ab-43dc-9ddf-3b474a71a6de', 8, '2024-06-12', 4, 3, 242),
       (53, '561c0e9e-6dda-41af-98ec-2bed95e9c6a2', 19, '2024-04-06', 3, 1, 324),
       (54, '83d1a48e-48a4-4fed-a821-b79799064909', 7, '2024-06-14', 4, 1, 394),
       (55, '561c0e9e-6dda-41af-98ec-2bed95e9c6a2', 6, '2024-06-08', 1, 2, 482),
       (56, 'c4b7dab5-d302-4979-93af-e098f4b8e4b3', 2, '2024-06-13', 1, 1, 474),
       (57, '33199015-1073-4f0c-9f0c-eba425ecb83a', 10, '2024-05-25', 1, 3, 370),
       (58, '4896de23-9309-4e49-8978-f36307c0a710', 12, '2024-02-16', 2, 1, 486),
       (59, '12d866ba-f2c7-4813-846f-cade24c36b63', 6, '2024-03-15', 1, 2, 300),
       (60, 'a4482fea-106d-405f-a3d9-f0b71d52635d', 1, '2024-02-20', 1, 3, 370),
       (61, '4896de23-9309-4e49-8978-f36307c0a710', 2, '2024-02-06', 3, 1, 300),
       (62, 'f8f3f83b-cf11-4e01-96d0-cae61c3c5fc8', 17, '2024-04-27', 3, 2, 216),
       (63, 'aacfb06a-6476-4936-bc3e-07bdebee78ef', 6, '2024-05-01', 2, 1, 66),
       (64, '7be7efc2-d9af-4e1d-b017-a7a1447b4c58', 19, '2024-04-02', 3, 2, 116),
       (65, '1a419b93-491a-4ecf-b5c8-716fb5ad4bbe', 10, '2024-06-17', 1, 3, 144),
       (66, '331562fd-30b0-4a78-8bbf-11afd8b7351e', 11, '2024-01-07', 2, 3, 238),
       (67, '9aac46d1-1372-4c60-82c1-17082b2031ff', 2, '2024-06-09', 3, 2, 186),
       (68, '905a0fc9-bca6-439b-9e0c-605186565df2', 12, '2024-02-01', 3, 3, 152),
       (69, 'f5461f6e-35ab-43dc-9ddf-3b474a71a6de', 15, '2024-04-03', 2, 2, 372),
       (70, 'aab64480-b520-4a77-b519-36447bbd38ff', 16, '2024-01-15', 3, 1, 112),
       (71, 'a46694d2-faab-48a1-aae4-dd7efd25bb31', 8, '2024-01-13', 1, 2, 182),
       (72, 'ce30b2fe-7d4e-4a1c-9657-3d4446dd661c', 18, '2024-03-07', 3, 1, 226),
       (73, 'd72aca1f-4d54-49c0-8adc-bd6bf8c1aa89', 20, '2024-05-12', 1, 2, 182),
       (74, 'e616604a-b408-4760-a0eb-4ecb08f7aae5', 16, '2024-02-29', 3, 1, 492),
       (75, 'f8f3f83b-cf11-4e01-96d0-cae61c3c5fc8', 10, '2024-06-23', 1, 3, 428),
       (76, '9492d8ea-3609-42b5-bf8b-5755816f67db', 18, '2024-02-17', 3, 2, 118),
       (77, '331562fd-30b0-4a78-8bbf-11afd8b7351e', 4, '2024-03-10', 2, 2, 418),
       (78, 'f5461f6e-35ab-43dc-9ddf-3b474a71a6de', 20, '2024-02-25', 1, 2, 76),
       (79, '9aac46d1-1372-4c60-82c1-17082b2031ff', 12, '2024-05-13', 3, 2, 66),
       (80, '12d866ba-f2c7-4813-846f-cade24c36b63', 16, '2024-05-16', 4, 1, 416),
       (81, '4896de23-9309-4e49-8978-f36307c0a710', 12, '2024-04-05', 4, 2, 244),
       (82, 'dfd90af3-b045-44a2-99dd-1fd72ba0c834', 11, '2024-01-15', 4, 3, 422),
       (83, 'ec244f03-5120-48a2-a9c4-d41ab7b1096d', 1, '2024-06-18', 4, 2, 164),
       (84, 'aaf034b6-24e4-4516-b967-9bf5d7bbb5e9', 6, '2024-02-28', 4, 1, 226),
       (85, 'e616604a-b408-4760-a0eb-4ecb08f7aae5', 5, '2024-01-15', 2, 3, 398),
       (86, '2afe85a2-2ad2-4cea-8ba7-e18751619b2c', 6, '2024-01-02', 4, 2, 132),
       (87, 'efad54e0-e808-4852-91ac-ba82e783f865', 7, '2024-02-27', 4, 3, 82),
       (88, '87bfb869-8836-4297-86fe-2fb549d4fc3f', 3, '2024-06-13', 3, 2, 378),
       (89, 'dfd90af3-b045-44a2-99dd-1fd72ba0c834', 12, '2024-05-03', 4, 2, 436),
       (90, 'f8f3f83b-cf11-4e01-96d0-cae61c3c5fc8', 18, '2024-04-17', 2, 3, 490),
       (91, '2019f0b5-f821-4250-b9af-2be2aa87a0b0', 8, '2024-02-03', 1, 3, 284),
       (92, 'f781654f-016d-4e03-ab7c-09c5cd32e210', 4, '2024-04-21', 1, 2, 168),
       (93, 'aaf034b6-24e4-4516-b967-9bf5d7bbb5e9', 10, '2024-02-09', 4, 1, 354),
       (94, 'aaf034b6-24e4-4516-b967-9bf5d7bbb5e9', 1, '2024-06-13', 4, 1, 392),
       (95, '1a419b93-491a-4ecf-b5c8-716fb5ad4bbe', 18, '2024-01-06', 2, 3, 90),
       (96, '9f5d5df3-7945-4378-a203-cea016ddeb2e', 6, '2024-02-25', 4, 1, 84),
       (97, 'aaf034b6-24e4-4516-b967-9bf5d7bbb5e9', 18, '2024-01-04', 2, 3, 314),
       (98, 'e616604a-b408-4760-a0eb-4ecb08f7aae5', 8, '2024-05-11', 2, 3, 388),
       (99, '331562fd-30b0-4a78-8bbf-11afd8b7351e', 4, '2024-05-27', 1, 1, 196),
       (100, 'aab64480-b520-4a77-b519-36447bbd38ff', 17, '2024-05-11', 1, 3, 296);

INSERT INTO paymentstatuses (id, status)
VALUES (1, 'Pending'),
       (2, 'Completed'),
       (3, 'Failed');


INSERT INTO roles (id, name, description)
VALUES (1, 'Admin', 'Administrator role'),
       (2, 'Guest', 'Guest role');

INSERT INTO "categories" (category)
VALUES ('Maintenance'),
       ('Utilities');


INSERT INTO expenses (amount, description, date, category_id, location_id)
VALUES (100.50, 'Routine maintenance', '2024-01-15', 1, 1),
       (200.75, 'Electricity bill', '2024-01-16', 2, 2),
       (150.00, 'Water supply maintenance', '2024-01-17', 1, 1),
       (300.60, 'New equipment', '2024-01-18', 2, 2),
       (75.25, 'Office supplies', '2024-01-19', 1, 1),
       (120.40, 'Internet bill', '2024-01-20', 2, 2),
       (50.75, 'Routine maintenance', '2024-01-21', 1, 1),
       (180.90, 'Electricity bill', '2024-01-22', 2, 2),
       (170.00, 'Water supply maintenance', '2024-01-23', 1, 1),
       (60.30, 'New equipment', '2024-01-24', 2, 2),
       (210.25, 'Office supplies', '2024-01-25', 1, 1),
       (135.40, 'Internet bill', '2024-01-26', 2, 2),
       (145.75, 'Routine maintenance', '2024-01-27', 1, 1),
       (280.90, 'Electricity bill', '2024-01-28', 2, 2),
       (190.00, 'Water supply maintenance', '2024-01-29', 1, 1),
       (90.30, 'New equipment', '2024-01-30', 2, 2),
       (250.25, 'Office supplies', '2024-01-31', 1, 1),
       (95.40, 'Internet bill', '2024-02-01', 2, 2),
       (105.75, 'Routine maintenance', '2024-02-02', 1, 1),
       (230.90, 'Electricity bill', '2024-02-03', 2, 2),
       (270.00, 'Water supply maintenance', '2024-02-04', 1, 1),
       (115.30, 'New equipment', '2024-02-05', 2, 2),
       (320.25, 'Office supplies', '2024-02-06', 1, 1),
       (165.40, 'Internet bill', '2024-02-07', 2, 2),
       (115.75, 'Routine maintenance', '2024-02-08', 1, 1),
       (240.90, 'Electricity bill', '2024-02-09', 2, 2),
       (180.00, 'Water supply maintenance', '2024-02-10', 1, 1),
       (80.30, 'New equipment', '2024-02-11', 2, 2),
       (260.25, 'Office supplies', '2024-02-12', 1, 1),
       (135.40, 'Internet bill', '2024-02-13', 2, 2),
       (115.75, 'Routine maintenance', '2024-02-14', 1, 1),
       (250.90, 'Electricity bill', '2024-02-15', 2, 2),
       (170.00, 'Water supply maintenance', '2024-02-16', 1, 1),
       (100.30, 'New equipment', '2024-02-17', 2, 2),
       (220.25, 'Office supplies', '2024-02-18', 1, 1),
       (195.40, 'Internet bill', '2024-02-19', 2, 2),
       (145.75, 'Routine maintenance', '2024-02-20', 1, 1),
       (270.90, 'Electricity bill', '2024-02-21', 2, 2),
       (150.00, 'Water supply maintenance', '2024-02-22', 1, 1),
       (120.30, 'New equipment', '2024-02-23', 2, 2),
       (250.25, 'Office supplies', '2024-02-24', 1, 1),
       (115.40, 'Internet bill', '2024-02-25', 2, 2),
       (135.75, 'Routine maintenance', '2024-02-26', 1, 1),
       (260.90, 'Electricity bill', '2024-02-27', 2, 2),
       (190.00, 'Water supply maintenance', '2024-02-28', 1, 1),
       (110.30, 'New equipment', '2024-03-01', 2, 2),
       (240.25, 'Office supplies', '2024-03-02', 1, 1);

INSERT INTO payments (booking_id, amount, payment_date, payment_proof, status_id)
VALUES (1, 500.00, '2024-01-15', 'proof1.jpg', 1),
       (2, 600.00, '2024-01-16', 'proof2.jpg', 2),
       (3, 700.00, '2024-01-17', 'proof3.jpg', 1),
       (4, 800.00, '2024-01-18', 'proof4.jpg', 3),
       (5, 900.00, '2024-01-19', 'proof5.jpg', 1),
       (6, 1000.00, '2024-01-20', 'proof6.jpg', 2),
       (7, 1100.00, '2024-01-21', 'proof7.jpg', 1),
       (8, 1200.00, '2024-01-22', 'proof8.jpg', 3),
       (9, 1300.00, '2024-01-23', 'proof9.jpg', 1),
       (10, 1400.00, '2024-01-24', 'proof10.jpg', 2),
       (11, 1500.00, '2024-01-25', 'proof11.jpg', 1),
       (12, 1600.00, '2024-01-26', 'proof12.jpg', 3),
       (13, 1700.00, '2024-01-27', 'proof13.jpg', 1),
       (14, 1800.00, '2024-01-28', 'proof14.jpg', 2),
       (15, 1900.00, '2024-01-29', 'proof15.jpg', 1),
       (16, 2000.00, '2024-01-30', 'proof16.jpg', 3),
       (17, 2100.00, '2024-01-31', 'proof17.jpg', 1),
       (18, 2200.00, '2024-02-01', 'proof18.jpg', 2),
       (19, 2300.00, '2024-02-02', 'proof19.jpg', 1),
       (20, 2400.00, '2024-02-03', 'proof20.jpg', 3),
       (21, 2500.00, '2024-02-04', 'proof21.jpg', 1),
       (22, 2600.00, '2024-02-05', 'proof22.jpg', 2),
       (23, 2700.00, '2024-02-06', 'proof23.jpg', 1),
       (24, 2800.00, '2024-02-07', 'proof24.jpg', 3),
       (25, 2900.00, '2024-02-08', 'proof25.jpg', 1),
       (26, 3000.00, '2024-02-09', 'proof26.jpg', 2),
       (27, 3100.00, '2024-02-10', 'proof27.jpg', 1),
       (28, 3200.00, '2024-02-11', 'proof28.jpg', 3),
       (29, 3300.00, '2024-02-12', 'proof29.jpg', 1),
       (30, 3400.00, '2024-02-13', 'proof30.jpg', 2),
       (31, 3500.00, '2024-02-14', 'proof31.jpg', 1),
       (32, 3600.00, '2024-02-15', 'proof32.jpg', 3),
       (33, 3700.00, '2024-02-16', 'proof33.jpg', 1),
       (34, 3800.00, '2024-02-17', 'proof34.jpg', 2),
       (35, 3900.00, '2024-02-18', 'proof35.jpg', 1),
       (36, 4000.00, '2024-02-19', 'proof36.jpg', 3),
       (37, 4100.00, '2024-02-20', 'proof37.jpg', 1),
       (38, 4200.00, '2024-02-21', 'proof38.jpg', 2),
       (39, 4300.00, '2024-02-22', 'proof39.jpg', 1),
       (40, 4400.00, '2024-02-23', 'proof40.jpg', 3),
       (41, 4500.00, '2024-02-24', 'proof41.jpg', 1),
       (42, 4600.00, '2024-02-25', 'proof42.jpg', 2),
       (43, 4700.00, '2024-02-26', 'proof43.jpg', 1),
       (44, 4800.00, '2024-02-27', 'proof44.jpg', 3),
       (45, 4900.00, '2024-02-28', 'proof45.jpg', 1),
       (46, 5000.00, '2024-03-01', 'proof46.jpg', 2),
       (47, 5100.00, '2024-03-02', 'proof47.jpg', 1),
       (48, 5200.00, '2024-03-03', 'proof48.jpg', 3),
       (49, 5300.00, '2024-03-04', 'proof49.jpg', 1),
       (50, 5400.00, '2024-03-05', 'proof50.jpg', 2);
